{
  "Andorra": { "name": "Andorra", "code": "AD" },
  "Dubai": { "name": "United Arab Emirates", "code": "AE" },
  "Kabul": { "name": "Afghanistan", "code": "AF" },
  "Tirane": { "name": "Albania", "code": "AL" },
  "Yerevan": { "name": "Armenia", "code": "AM" },
  "Casey": { "name": "Antarctica", "code": "AQ" },
  "Davis": { "name": "Antarctica", "code": "AQ" },
  "Mawson": { "name": "Antarctica", "code": "AQ" },
  "Palmer": { "name": "Antarctica", "code": "AQ" },
  "Rothera": { "name": "Antarctica", "code": "AQ" },
  "Troll": { "name": "Antarctica", "code": "AQ" },
  "Vostok": { "name": "Antarctica", "code": "AQ" },
  "Buenos_Aires": { "name": "Argentina", "code": "AR" },
  "Cordoba": { "name": "Argentina", "code": "AR" },
  "Salta": { "name": "Argentina", "code": "AR" },
  "Jujuy": { "name": "Argentina", "code": "AR" },
  "Tucuman": { "name": "Argentina", "code": "AR" },
  "Catamarca": { "name": "Argentina", "code": "AR" },
  "La_Rioja": { "name": "Argentina", "code": "AR" },
  "San_Juan": { "name": "Argentina", "code": "AR" },
  "Mendoza": { "name": "Argentina", "code": "AR" },
  "San_Luis": { "name": "Argentina", "code": "AR" },
  "Rio_Gallegos": { "name": "Argentina", "code": "AR" },
  "Ushuaia": { "name": "Argentina", "code": "AR" },
  "Pago_Pago": { "name": "Samoa (American)", "code": "AS" },
  "Vienna": { "name": "Austria", "code": "AT" },
  "Lord_Howe": { "name": "Australia", "code": "AU" },
  "Macquarie": { "name": "Australia", "code": "AU" },
  "Hobart": { "name": "Australia", "code": "AU" },
  "Melbourne": { "name": "Australia", "code": "AU" },
  "Sydney": { "name": "Australia", "code": "AU" },
  "Broken_Hill": { "name": "Australia", "code": "AU" },
  "Brisbane": { "name": "Australia", "code": "AU" },
  "Lindeman": { "name": "Australia", "code": "AU" },
  "Adelaide": { "name": "Australia", "code": "AU" },
  "Darwin": { "name": "Australia", "code": "AU" },
  "Perth": { "name": "Australia", "code": "AU" },
  "Eucla": { "name": "Australia", "code": "AU" },
  "Baku": { "name": "Azerbaijan", "code": "AZ" },
  "Barbados": { "name": "Barbados", "code": "BB" },
  "Dhaka": { "name": "Bangladesh", "code": "BD" },
  "Brussels": { "name": "Belgium", "code": "BE" },
  "Sofia": { "name": "Bulgaria", "code": "BG" },
  "Bermuda": { "name": "Bermuda", "code": "BM" },
  "La_Paz": { "name": "Bolivia", "code": "BO" },
  "Noronha": { "name": "Brazil", "code": "BR" },
  "Belem": { "name": "Brazil", "code": "BR" },
  "Fortaleza": { "name": "Brazil", "code": "BR" },
  "Recife": { "name": "Brazil", "code": "BR" },
  "Araguaina": { "name": "Brazil", "code": "BR" },
  "Maceio": { "name": "Brazil", "code": "BR" },
  "Bahia": { "name": "Brazil", "code": "BR" },
  "Sao_Paulo": { "name": "Brazil", "code": "BR" },
  "Campo_Grande": { "name": "Brazil", "code": "BR" },
  "Cuiaba": { "name": "Brazil", "code": "BR" },
  "Santarem": { "name": "Brazil", "code": "BR" },
  "Porto_Velho": { "name": "Brazil", "code": "BR" },
  "Boa_Vista": { "name": "Brazil", "code": "BR" },
  "Manaus": { "name": "Brazil", "code": "BR" },
  "Eirunepe": { "name": "Brazil", "code": "BR" },
  "Rio_Branco": { "name": "Brazil", "code": "BR" },
  "Thimphu": { "name": "Bhutan", "code": "BT" },
  "Minsk": { "name": "Belarus", "code": "BY" },
  "Belize": { "name": "Belize", "code": "BZ" },
  "St_Johns": { "name": "Canada", "code": "CA" },
  "Halifax": { "name": "Canada", "code": "CA" },
  "Glace_Bay": { "name": "Canada", "code": "CA" },
  "Moncton": { "name": "Canada", "code": "CA" },
  "Goose_Bay": { "name": "Canada", "code": "CA" },
  "Toronto": { "name": "Canada", "code": "CA" },
  "Iqaluit": { "name": "Canada", "code": "CA" },
  "Winnipeg": { "name": "Canada", "code": "CA" },
  "Resolute": { "name": "Canada", "code": "CA" },
  "Rankin_Inlet": { "name": "Canada", "code": "CA" },
  "Regina": { "name": "Canada", "code": "CA" },
  "Swift_Current": { "name": "Canada", "code": "CA" },
  "Edmonton": { "name": "Canada", "code": "CA" },
  "Cambridge_Bay": { "name": "Canada", "code": "CA" },
  "Inuvik": { "name": "Canada", "code": "CA" },
  "Dawson_Creek": { "name": "Canada", "code": "CA" },
  "Fort_Nelson": { "name": "Canada", "code": "CA" },
  "Whitehorse": { "name": "Canada", "code": "CA" },
  "Dawson": { "name": "Canada", "code": "CA" },
  "Vancouver": { "name": "Canada", "code": "CA" },
  "Zurich": { "name": "Switzerland", "code": "CH" },
  "Abidjan": { "name": "Côte d'Ivoire", "code": "CI" },
  "Rarotonga": { "name": "Cook Islands", "code": "CK" },
  "Santiago": { "name": "Chile", "code": "CL" },
  "Punta_Arenas": { "name": "Chile", "code": "CL" },
  "Easter": { "name": "Chile", "code": "CL" },
  "Shanghai": { "name": "China", "code": "CN" },
  "Urumqi": { "name": "China", "code": "CN" },
  "Bogota": { "name": "Colombia", "code": "CO" },
  "Costa_Rica": { "name": "Costa Rica", "code": "CR" },
  "Havana": { "name": "Cuba", "code": "CU" },
  "Cape_Verde": { "name": "Cape Verde", "code": "CV" },
  "Nicosia": { "name": "Cyprus", "code": "CY" },
  "Famagusta": { "name": "Cyprus", "code": "CY" },
  "Prague": { "name": "Czech Republic", "code": "CZ" },
  "Berlin": { "name": "Germany", "code": "DE" },
  "Santo_Domingo": { "name": "Dominican Republic", "code": "DO" },
  "Algiers": { "name": "Algeria", "code": "DZ" },
  "Guayaquil": { "name": "Ecuador", "code": "EC" },
  "Galapagos": { "name": "Ecuador", "code": "EC" },
  "Tallinn": { "name": "Estonia", "code": "EE" },
  "Cairo": { "name": "Egypt", "code": "EG" },
  "El_Aaiun": { "name": "Western Sahara", "code": "EH" },
  "Madrid": { "name": "Spain", "code": "ES" },
  "Ceuta": { "name": "Spain", "code": "ES" },
  "Canary": { "name": "Spain", "code": "ES" },
  "Helsinki": { "name": "Finland", "code": "FI" },
  "Fiji": { "name": "Fiji", "code": "FJ" },
  "Stanley": { "name": "Falkland Islands", "code": "FK" },
  "Kosrae": { "name": "Micronesia", "code": "FM" },
  "Faroe": { "name": "Faroe Islands", "code": "FO" },
  "Paris": { "name": "France", "code": "FR" },
  "London": { "name": "Britain (UK)", "code": "GB" },
  "Tbilisi": { "name": "Georgia", "code": "GE" },
  "Cayenne": { "name": "French Guiana", "code": "GF" },
  "Gibraltar": { "name": "Gibraltar", "code": "GI" },
  "Nuuk": { "name": "Greenland", "code": "GL" },
  "Danmarkshavn": { "name": "Greenland", "code": "GL" },
  "Scoresbysund": { "name": "Greenland", "code": "GL" },
  "Thule": { "name": "Greenland", "code": "GL" },
  "Athens": { "name": "Greece", "code": "GR" },
  "South_Georgia": {
    "name": "South Georgia & the South Sandwich Islands",
    "code": "GS"
  },
  "Guatemala": { "name": "Guatemala", "code": "GT" },
  "Guam": { "name": "Guam", "code": "GU" },
  "Bissau": { "name": "Guinea-Bissau", "code": "GW" },
  "Guyana": { "name": "Guyana", "code": "GY" },
  "Hong_Kong": { "name": "Hong Kong", "code": "HK" },
  "Tegucigalpa": { "name": "Honduras", "code": "HN" },
  "Port-au-Prince": { "name": "Haiti", "code": "HT" },
  "Budapest": { "name": "Hungary", "code": "HU" },
  "Jakarta": { "name": "Indonesia", "code": "ID" },
  "Pontianak": { "name": "Indonesia", "code": "ID" },
  "Makassar": { "name": "Indonesia", "code": "ID" },
  "Jayapura": { "name": "Indonesia", "code": "ID" },
  "Dublin": { "name": "Ireland", "code": "IE" },
  "Jerusalem": { "name": "Israel", "code": "IL" },
  "Kolkata": { "name": "India", "code": "IN" },
  "Chagos": { "name": "British Indian Ocean Territory", "code": "IO" },
  "Baghdad": { "name": "Iraq", "code": "IQ" },
  "Tehran": { "name": "Iran", "code": "IR" },
  "Rome": { "name": "Italy", "code": "IT" },
  "Jamaica": { "name": "Jamaica", "code": "JM" },
  "Amman": { "name": "Jordan", "code": "JO" },
  "Tokyo": { "name": "Japan", "code": "JP" },
  "Nairobi": { "name": "Kenya", "code": "KE" },
  "Bishkek": { "name": "Kyrgyzstan", "code": "KG" },
  "Tarawa": { "name": "Kiribati", "code": "KI" },
  "Kanton": { "name": "Kiribati", "code": "KI" },
  "Kiritimati": { "name": "Kiribati", "code": "KI" },
  "Pyongyang": { "name": "Korea (North)", "code": "KP" },
  "Seoul": { "name": "Korea (South)", "code": "KR" },
  "Almaty": { "name": "Kazakhstan", "code": "KZ" },
  "Qyzylorda": { "name": "Kazakhstan", "code": "KZ" },
  "Qostanay": { "name": "Kazakhstan", "code": "KZ" },
  "Aqtobe": { "name": "Kazakhstan", "code": "KZ" },
  "Aqtau": { "name": "Kazakhstan", "code": "KZ" },
  "Atyrau": { "name": "Kazakhstan", "code": "KZ" },
  "Oral": { "name": "Kazakhstan", "code": "KZ" },
  "Beirut": { "name": "Lebanon", "code": "LB" },
  "Colombo": { "name": "Sri Lanka", "code": "LK" },
  "Monrovia": { "name": "Liberia", "code": "LR" },
  "Vilnius": { "name": "Lithuania", "code": "LT" },
  "Riga": { "name": "Latvia", "code": "LV" },
  "Tripoli": { "name": "Libya", "code": "LY" },
  "Casablanca": { "name": "Morocco", "code": "MA" },
  "Chisinau": { "name": "Moldova", "code": "MD" },
  "Kwajalein": { "name": "Marshall Islands", "code": "MH" },
  "Yangon": { "name": "Myanmar (Burma)", "code": "MM" },
  "Ulaanbaatar": { "name": "Mongolia", "code": "MN" },
  "Hovd": { "name": "Mongolia", "code": "MN" },
  "Choibalsan": { "name": "Mongolia", "code": "MN" },
  "Macau": { "name": "Macau", "code": "MO" },
  "Martinique": { "name": "Martinique", "code": "MQ" },
  "Malta": { "name": "Malta", "code": "MT" },
  "Mauritius": { "name": "Mauritius", "code": "MU" },
  "Maldives": { "name": "Maldives", "code": "MV" },
  "Mexico_City": { "name": "Mexico", "code": "MX" },
  "Cancun": { "name": "Mexico", "code": "MX" },
  "Merida": { "name": "Mexico", "code": "MX" },
  "Monterrey": { "name": "Mexico", "code": "MX" },
  "Matamoros": { "name": "Mexico", "code": "MX" },
  "Chihuahua": { "name": "Mexico", "code": "MX" },
  "Ciudad_Juarez": { "name": "Mexico", "code": "MX" },
  "Ojinaga": { "name": "Mexico", "code": "MX" },
  "Mazatlan": { "name": "Mexico", "code": "MX" },
  "Bahia_Banderas": { "name": "Mexico", "code": "MX" },
  "Hermosillo": { "name": "Mexico", "code": "MX" },
  "Tijuana": { "name": "Mexico", "code": "MX" },
  "Kuching": { "name": "Malaysia", "code": "MY" },
  "Maputo": { "name": "Mozambique", "code": "MZ" },
  "Windhoek": { "name": "Namibia", "code": "NA" },
  "Noumea": { "name": "New Caledonia", "code": "NC" },
  "Norfolk": { "name": "Norfolk Island", "code": "NF" },
  "Lagos": { "name": "Nigeria", "code": "NG" },
  "Managua": { "name": "Nicaragua", "code": "NI" },
  "Kathmandu": { "name": "Nepal", "code": "NP" },
  "Nauru": { "name": "Nauru", "code": "NR" },
  "Niue": { "name": "Niue", "code": "NU" },
  "Auckland": { "name": "New Zealand", "code": "NZ" },
  "Chatham": { "name": "New Zealand", "code": "NZ" },
  "Panama": { "name": "Panama", "code": "PA" },
  "Lima": { "name": "Peru", "code": "PE" },
  "Tahiti": { "name": "French Polynesia", "code": "PF" },
  "Marquesas": { "name": "French Polynesia", "code": "PF" },
  "Gambier": { "name": "French Polynesia", "code": "PF" },
  "Port_Moresby": { "name": "Papua New Guinea", "code": "PG" },
  "Bougainville": { "name": "Papua New Guinea", "code": "PG" },
  "Manila": { "name": "Philippines", "code": "PH" },
  "Karachi": { "name": "Pakistan", "code": "PK" },
  "Warsaw": { "name": "Poland", "code": "PL" },
  "Miquelon": { "name": "St Pierre & Miquelon", "code": "PM" },
  "Pitcairn": { "name": "Pitcairn", "code": "PN" },
  "Puerto_Rico": { "name": "Puerto Rico", "code": "PR" },
  "Gaza": { "name": "Palestine", "code": "PS" },
  "Hebron": { "name": "Palestine", "code": "PS" },
  "Lisbon": { "name": "Portugal", "code": "PT" },
  "Madeira": { "name": "Portugal", "code": "PT" },
  "Azores": { "name": "Portugal", "code": "PT" },
  "Palau": { "name": "Palau", "code": "PW" },
  "Asuncion": { "name": "Paraguay", "code": "PY" },
  "Qatar": { "name": "Qatar", "code": "QA" },
  "Bucharest": { "name": "Romania", "code": "RO" },
  "Belgrade": { "name": "Serbia", "code": "RS" },
  "Kaliningrad": { "name": "Russia", "code": "RU" },
  "Moscow": { "name": "Russia", "code": "RU" },
  "Simferopol": { "name": "Russia", "code": "RU" },
  "Kirov": { "name": "Russia", "code": "RU" },
  "Volgograd": { "name": "Russia", "code": "RU" },
  "Astrakhan": { "name": "Russia", "code": "RU" },
  "Saratov": { "name": "Russia", "code": "RU" },
  "Ulyanovsk": { "name": "Russia", "code": "RU" },
  "Samara": { "name": "Russia", "code": "RU" },
  "Yekaterinburg": { "name": "Russia", "code": "RU" },
  "Omsk": { "name": "Russia", "code": "RU" },
  "Novosibirsk": { "name": "Russia", "code": "RU" },
  "Barnaul": { "name": "Russia", "code": "RU" },
  "Tomsk": { "name": "Russia", "code": "RU" },
  "Novokuznetsk": { "name": "Russia", "code": "RU" },
  "Krasnoyarsk": { "name": "Russia", "code": "RU" },
  "Irkutsk": { "name": "Russia", "code": "RU" },
  "Chita": { "name": "Russia", "code": "RU" },
  "Yakutsk": { "name": "Russia", "code": "RU" },
  "Khandyga": { "name": "Russia", "code": "RU" },
  "Vladivostok": { "name": "Russia", "code": "RU" },
  "Ust-Nera": { "name": "Russia", "code": "RU" },
  "Magadan": { "name": "Russia", "code": "RU" },
  "Sakhalin": { "name": "Russia", "code": "RU" },
  "Srednekolymsk": { "name": "Russia", "code": "RU" },
  "Kamchatka": { "name": "Russia", "code": "RU" },
  "Anadyr": { "name": "Russia", "code": "RU" },
  "Riyadh": { "name": "Saudi Arabia", "code": "SA" },
  "Guadalcanal": { "name": "Solomon Islands", "code": "SB" },
  "Khartoum": { "name": "Sudan", "code": "SD" },
  "Singapore": { "name": "Singapore", "code": "SG" },
  "Paramaribo": { "name": "Suriname", "code": "SR" },
  "Juba": { "name": "South Sudan", "code": "SS" },
  "Sao_Tome": { "name": "Sao Tome & Principe", "code": "ST" },
  "El_Salvador": { "name": "El Salvador", "code": "SV" },
  "Damascus": { "name": "Syria", "code": "SY" },
  "Grand_Turk": { "name": "Turks & Caicos Is", "code": "TC" },
  "Ndjamena": { "name": "Chad", "code": "TD" },
  "Bangkok": { "name": "Thailand", "code": "TH" },
  "Dushanbe": { "name": "Tajikistan", "code": "TJ" },
  "Fakaofo": { "name": "Tokelau", "code": "TK" },
  "Dili": { "name": "East Timor", "code": "TL" },
  "Ashgabat": { "name": "Turkmenistan", "code": "TM" },
  "Tunis": { "name": "Tunisia", "code": "TN" },
  "Tongatapu": { "name": "Tonga", "code": "TO" },
  "Istanbul": { "name": "Turkey", "code": "TR" },
  "Taipei": { "name": "Taiwan", "code": "TW" },
  "Kyiv": { "name": "Ukraine", "code": "UA" },
  "New_York": { "name": "United States", "code": "US" },
  "Detroit": { "name": "United States", "code": "US" },
  "Louisville": { "name": "United States", "code": "US" },
  "Monticello": { "name": "United States", "code": "US" },
  "Indianapolis": { "name": "United States", "code": "US" },
  "Vincennes": { "name": "United States", "code": "US" },
  "Winamac": { "name": "United States", "code": "US" },
  "Marengo": { "name": "United States", "code": "US" },
  "Petersburg": { "name": "United States", "code": "US" },
  "Vevay": { "name": "United States", "code": "US" },
  "Chicago": { "name": "United States", "code": "US" },
  "Tell_City": { "name": "United States", "code": "US" },
  "Knox": { "name": "United States", "code": "US" },
  "Menominee": { "name": "United States", "code": "US" },
  "Center": { "name": "United States", "code": "US" },
  "New_Salem": { "name": "United States", "code": "US" },
  "Beulah": { "name": "United States", "code": "US" },
  "Denver": { "name": "United States", "code": "US" },
  "Boise": { "name": "United States", "code": "US" },
  "Phoenix": { "name": "United States", "code": "US" },
  "Los_Angeles": { "name": "United States", "code": "US" },
  "Anchorage": { "name": "United States", "code": "US" },
  "Juneau": { "name": "United States", "code": "US" },
  "Sitka": { "name": "United States", "code": "US" },
  "Metlakatla": { "name": "United States", "code": "US" },
  "Yakutat": { "name": "United States", "code": "US" },
  "Nome": { "name": "United States", "code": "US" },
  "Adak": { "name": "United States", "code": "US" },
  "Honolulu": { "name": "United States", "code": "US" },
  "Montevideo": { "name": "Uruguay", "code": "UY" },
  "Samarkand": { "name": "Uzbekistan", "code": "UZ" },
  "Tashkent": { "name": "Uzbekistan", "code": "UZ" },
  "Caracas": { "name": "Venezuela", "code": "VE" },
  "Ho_Chi_Minh": { "name": "Vietnam", "code": "VN" },
  "Efate": { "name": "Vanuatu", "code": "VU" },
  "Apia": { "name": "Samoa (western)", "code": "WS" },
  "Johannesburg": { "name": "South Africa", "code": "ZA" },
  "Antigua": { "name": "Antigua & Barbuda", "code": "AG" },
  "Anguilla": { "name": "Anguilla", "code": "AI" },
  "Luanda": { "name": "Angola", "code": "AO" },
  "McMurdo": { "name": "Antarctica", "code": "AQ" },
  "DumontDUrville": { "name": "Antarctica", "code": "AQ" },
  "Syowa": { "name": "Antarctica", "code": "AQ" },
  "Aruba": { "name": "Aruba", "code": "AW" },
  "Mariehamn": { "name": "Åland Islands", "code": "AX" },
  "Sarajevo": { "name": "Bosnia & Herzegovina", "code": "BA" },
  "Ouagadougou": { "name": "Burkina Faso", "code": "BF" },
  "Bahrain": { "name": "Bahrain", "code": "BH" },
  "Bujumbura": { "name": "Burundi", "code": "BI" },
  "Porto-Novo": { "name": "Benin", "code": "BJ" },
  "St_Barthelemy": { "name": "St Barthelemy", "code": "BL" },
  "Brunei": { "name": "Brunei", "code": "BN" },
  "Kralendijk": { "name": "Caribbean NL", "code": "BQ" },
  "Nassau": { "name": "Bahamas", "code": "BS" },
  "Gaborone": { "name": "Botswana", "code": "BW" },
  "Blanc-Sablon": { "name": "Canada", "code": "CA" },
  "Atikokan": { "name": "Canada", "code": "CA" },
  "Creston": { "name": "Canada", "code": "CA" },
  "Cocos": { "name": "Cocos (Keeling) Islands", "code": "CC" },
  "Kinshasa": { "name": "Congo (Dem. Rep.)", "code": "CD" },
  "Lubumbashi": { "name": "Congo (Dem. Rep.)", "code": "CD" },
  "Bangui": { "name": "Central African Rep.", "code": "CF" },
  "Brazzaville": { "name": "Congo (Rep.)", "code": "CG" },
  "Douala": { "name": "Cameroon", "code": "CM" },
  "Curacao": { "name": "Curaçao", "code": "CW" },
  "Christmas": { "name": "Christmas Island", "code": "CX" },
  "Busingen": { "name": "Germany", "code": "DE" },
  "Djibouti": { "name": "Djibouti", "code": "DJ" },
  "Copenhagen": { "name": "Denmark", "code": "DK" },
  "Dominica": { "name": "Dominica", "code": "DM" },
  "Asmara": { "name": "Eritrea", "code": "ER" },
  "Addis_Ababa": { "name": "Ethiopia", "code": "ET" },
  "Chuuk": { "name": "Micronesia", "code": "FM" },
  "Pohnpei": { "name": "Micronesia", "code": "FM" },
  "Libreville": { "name": "Gabon", "code": "GA" },
  "Grenada": { "name": "Grenada", "code": "GD" },
  "Guernsey": { "name": "Guernsey", "code": "GG" },
  "Accra": { "name": "Ghana", "code": "GH" },
  "Banjul": { "name": "Gambia", "code": "GM" },
  "Conakry": { "name": "Guinea", "code": "GN" },
  "Guadeloupe": { "name": "Guadeloupe", "code": "GP" },
  "Malabo": { "name": "Equatorial Guinea", "code": "GQ" },
  "Zagreb": { "name": "Croatia", "code": "HR" },
  "Isle_of_Man": { "name": "Isle of Man", "code": "IM" },
  "Reykjavik": { "name": "Iceland", "code": "IS" },
  "Jersey": { "name": "Jersey", "code": "JE" },
  "Phnom_Penh": { "name": "Cambodia", "code": "KH" },
  "Comoro": { "name": "Comoros", "code": "KM" },
  "St_Kitts": { "name": "St Kitts & Nevis", "code": "KN" },
  "Kuwait": { "name": "Kuwait", "code": "KW" },
  "Cayman": { "name": "Cayman Islands", "code": "KY" },
  "Vientiane": { "name": "Laos", "code": "LA" },
  "St_Lucia": { "name": "St Lucia", "code": "LC" },
  "Vaduz": { "name": "Liechtenstein", "code": "LI" },
  "Maseru": { "name": "Lesotho", "code": "LS" },
  "Luxembourg": { "name": "Luxembourg", "code": "LU" },
  "Monaco": { "name": "Monaco", "code": "MC" },
  "Podgorica": { "name": "Montenegro", "code": "ME" },
  "Marigot": { "name": "St Martin (French)", "code": "MF" },
  "Antananarivo": { "name": "Madagascar", "code": "MG" },
  "Majuro": { "name": "Marshall Islands", "code": "MH" },
  "Skopje": { "name": "North Macedonia", "code": "MK" },
  "Bamako": { "name": "Mali", "code": "ML" },
  "Saipan": { "name": "Northern Mariana Islands", "code": "MP" },
  "Nouakchott": { "name": "Mauritania", "code": "MR" },
  "Montserrat": { "name": "Montserrat", "code": "MS" },
  "Blantyre": { "name": "Malawi", "code": "MW" },
  "Kuala_Lumpur": { "name": "Malaysia", "code": "MY" },
  "Niamey": { "name": "Niger", "code": "NE" },
  "Amsterdam": { "name": "Netherlands", "code": "NL" },
  "Oslo": { "name": "Norway", "code": "NO" },
  "Muscat": { "name": "Oman", "code": "OM" },
  "Reunion": { "name": "Réunion", "code": "RE" },
  "Kigali": { "name": "Rwanda", "code": "RW" },
  "Mahe": { "name": "Seychelles", "code": "SC" },
  "Stockholm": { "name": "Sweden", "code": "SE" },
  "St_Helena": { "name": "St Helena", "code": "SH" },
  "Ljubljana": { "name": "Slovenia", "code": "SI" },
  "Longyearbyen": { "name": "Svalbard & Jan Mayen", "code": "SJ" },
  "Bratislava": { "name": "Slovakia", "code": "SK" },
  "Freetown": { "name": "Sierra Leone", "code": "SL" },
  "San_Marino": { "name": "San Marino", "code": "SM" },
  "Dakar": { "name": "Senegal", "code": "SN" },
  "Mogadishu": { "name": "Somalia", "code": "SO" },
  "Lower_Princes": { "name": "St Maarten (Dutch)", "code": "SX" },
  "Mbabane": { "name": "Eswatini (Swaziland)", "code": "SZ" },
  "Kerguelen": { "name": "French S. Terr.", "code": "TF" },
  "Lome": { "name": "Togo", "code": "TG" },
  "Port_of_Spain": { "name": "Trinidad & Tobago", "code": "TT" },
  "Funafuti": { "name": "Tuvalu", "code": "TV" },
  "Dar_es_Salaam": { "name": "Tanzania", "code": "TZ" },
  "Kampala": { "name": "Uganda", "code": "UG" },
  "Midway": { "name": "US minor outlying islands", "code": "UM" },
  "Wake": { "name": "US minor outlying islands", "code": "UM" },
  "Vatican": { "name": "Vatican City", "code": "VA" },
  "St_Vincent": { "name": "St Vincent", "code": "VC" },
  "Tortola": { "name": "Virgin Islands (UK)", "code": "VG" },
  "St_Thomas": { "name": "Virgin Islands (US)", "code": "VI" },
  "Wallis": { "name": "Wallis & Futuna", "code": "WF" },
  "Aden": { "name": "Yemen", "code": "YE" },
  "Mayotte": { "name": "Mayotte", "code": "YT" },
  "Lusaka": { "name": "Zambia", "code": "ZM" },
  "Harare": { "name": "Zimbabwe", "code": "ZW" },
  "Calcutta": { "name": "India", "code": "IN" }
}
